{
  "homepage": "https://kwonyounghye.github.io/yh-dc-pj/",
  "name": "dc-app",
  "version": "0.1.0",
  "private": true,
  "dependencies": {
    "@fortawesome/fontawesome-svg-core": "^6.4.2",
    "@fortawesome/free-brands-svg-icons": "^6.4.2",
    "@fortawesome/free-regular-svg-icons": "^6.4.2",
    "@fortawesome/free-solid-svg-icons": "^6.4.2",
    "@fortawesome/react-fontawesome": "^0.2.0",
    "@testing-library/jest-dom": "^5.17.0",
    "@testing-library/react": "^13.4.0",
    "@testing-library/user-event": "^13.5.0",
    "jquery": "^3.7.1",
    "jquery-ui-dist": "^1.13.2",
    "jquery-ui-touch-punch": "^0.2.3",
    "react": "^18.2.0",
    "react-dom": "^18.2.0",
    "react-router-dom": "^6.18.0",
    "react-scripts": "5.0.1",
    "swiper": "^11.0.4",
    "web-vitals": "^2.1.4"
  },
  "scripts": {
    "start": "react-scripts start",
    "build": "react-scripts build",
    "test": "react-scripts test",
    "eject": "react-scripts eject"
  },
  "eslintConfig": {
    "extends": [
      "react-app",
      "react-app/jest"
    ]
  },
  "browserslist": {
    "production": [
      ">0.2%",
      "not dead",
      "not op_mini all"
    ],
    "development": [
      "last 1 chrome version",
      "last 1 firefox version",
      "last 1 safari version"
    ]
  }
}
